{
  "map_info": {
    "height": 231.76631731502096,
    "width": 320.0770549805232
  }
}