{
  "map_info": {
    "height": 179.22412617881955,
    "width": 241.6437586249384
  }
}