{
  "map_info": {
    "height": 392.5396253910595,
    "width": 304.3843931558098
  }
}