{
  "map_info": {
    "height": 219.74676479990106,
    "width": 236.71181213998395
  }
}