{
  "map_info": {
    "height": 176.44116534000818,
    "width": 239.81749314504376
  }
}