{
  "map_info": {
    "height": 176.66380763697,
    "width": 239.81749314504376
  }
}